
-- inserting into scooter
INSERT INTO SCOOTER VALUES
('B1000', 2016, 'N'),
('B1001', 2017, 'Y'),
('B1002', 2018, 'N'),
('B1003', 2019, 'Y'),
('B1003', 2019, 'Y'),
('B1002', 2018, 'N'),
('B1001', 2017, 'Y'),
('B1001', 2017, 'Y'),
('B1000', 2016, 'N'),
('B1001', 2017, 'Y'),
('B1002', 2018, 'N'),
('B1003', 2019, 'Y'),
('B1001', 2017, 'Y'),
('B1001', 2017, 'Y'),
('B1002', 2018, 'N'),
('B1003', 2019, 'Y'),
('B1003', 2019, 'Y'),
('B1002', 2018, 'N'),
('B1001', 2017, 'Y'),
('B1001', 2017, 'Y'),
('B1001', 2017, 'Y'),
('B1001', 2017, 'Y'),
('B1002', 2018, 'N'),
('B1003', 2019, 'Y'),
('B1002', 2018, 'Y'),
('B1001', 2017, 'N'),
('B1002', 2018, 'Y'),
('B1003', 2019, 'Y'),
('B1003', 2019, 'Y'),
('B1002', 2018, 'Y'),
('B1001', 2017, 'N'),
('B1001', 2017, 'N'),
('B1002', 2018, 'Y'),
('B1001', 2017, 'N'),
('B1002', 2018, 'Y'),
('B1003', 2019, 'Y'),
('B1003', 2019, 'Y'),
('B1002', 2017, 'N'),
('B1002', 2018, 'Y'),
('B1003', 2019, 'Y'),
('B1003', 2019, 'Y'),
('B1002', 2018, 'Y'),
('B1002', 2017, 'N'),
('B1002', 2017, 'N'),
('B1003', 2019, 'Y'),
('B1002', 2017, 'N'),
('B1002', 2018, 'Y'),
('B1003', 2019, 'Y'),
('B1000', 2016, 'Y'),
('B1002', 2017, 'N'),
('B1002', 2018, 'N'),
('B1003', 2019, 'Y'),
('B1003', 2019, 'Y'),
('B1002', 2018, 'N'),
('B1002', 2017, 'N'),
('B1002', 2017, 'N'),
('B1000', 2016, 'Y'),
('B1002', 2017, 'N'),
('B1002', 2018, 'N'),
('B1003', 2019, 'Y'),
('B1000', 2016, 'Y'),
('B1001', 2017, 'Y'),
('B1002', 2018, 'Y'),
('B1003', 2019, 'N'),
('B1003', 2019, 'Y'),
('B1002', 2018, 'Y'),
('B1001', 2017, 'Y'),
('B1001', 2017, 'Y'),
('B1000', 2016, 'Y'),
('B1001', 2017, 'Y'),
('B1002', 2018, 'Y'),
('B1003', 2019, 'N'),
('B1000', 2016, 'Y'),
('B1001', 2017, 'Y'),
('B1002', 2018, 'N'),
('B1003', 2019, 'N'),
('B1003', 2019, 'Y'),
('B1002', 2018, 'N'),
('B1001', 2017, 'Y'),
('B1001', 2017, 'Y'),
('B1000', 2016, 'Y'),
('B1001', 2017, 'Y'),
('B1002', 2018, 'N'),
('B1003', 2019, 'N'),
('B1001', 2017, 'Y'),
('B1002', 2018, 'Y'),
('B1003', 2019, 'Y'),
('B1003', 2019, 'Y'),
('B1002', 2018, 'Y'),
('B1001', 2017, 'Y'),
('B1001', 2017, 'Y'),
('B1001', 2017, 'Y'),
('B1002', 2018, 'Y'),
('B1003', 2019, 'Y'),
('B1001', 2017, 'Y'),
('B1002', 2018, 'Y'),
('B1003', 2019, 'Y'),
('B1003', 2019, 'Y'),
('B1002', 2018, 'Y'),
('B1001', 2017, 'Y'),
('B1001', 2017, 'Y'),
('B1001', 2017, 'Y'),
('B1002', 2018, 'Y'),
('B1003', 2019, 'Y'),
('B1001', 2017, 'Y'),
('B1003', 2019, 'Y'),
('B1003', 2019, 'Y'),
('B1001', 2017, 'Y'),
('B1001', 2017, 'Y'),
('B1001', 2017, 'Y'),
('B1001', 2017, 'Y'),
('B1003', 2019, 'Y'),
('B1001', 2017, 'Y'),
('B1001', 2017, 'Y'),
('B1001', 2017, 'Y')

INSERT INTO SERVICE VALUES
('S1100', 'Brake Pad Replacement'),
('S1200', 'Brake Pad Maintenance'),
('S1300', 'Wheel Replacement')	  ,
('S1400', 'Wheel Repair')		  ,
('S1500', 'Motor Replacement')	  ,
('S1600', 'Motor Repair')		  ,
('S1700', 'Battery Replacement')  ,
('S1800', 'Battery Repair')		  ,
('S1900', 'Chain Repair')		  ,
('S2000', 'Belt Repair')		  ;



insert into Docking_Station values 
('DS205', 'Government Centre', '1-29 Union St, Boston',geography::Point(42.3603767,-71.0567309,4326),10, 'Y')         ,
('DS624', 'Charles Circle', '161 Charles St, Boston',geography::Point(42.360868,-71.070233,4326),10, 'Y')			  ,
('DS551', 'Maverick', '85 Maverick St, Boston',geography::Point(42.370929,-71.040732,4326),10, 'N')					  ,
('DS631', 'Boston Harbor', '125 Oliver St, Boston',geography::Point(42.355577,-71.052607,4326),10, 'Y')				  ,
('DS124', 'Back Bay', '98 Fairfield St, Boston',geography::Point(42.349206,-71.081971,4326),10, 'N')				  ,
('DS176', 'MIT', '1 Portland St, Cambridge',geography::Point(42.361592,-71.094412,4326),10, 'N')					  ,
('DS531', 'Prospect Hill', '48 Columbus Ave, Somerville',geography::Point(42.38099,-71.093979,4326),10, 'N')		  ,
('DS058', 'Brookline', '100 Harvard St, Brookline',geography::Point(42.336371,-71.12092,4326),10, 'Y')				  ,
('DS447', 'Northeastern University', 'World Series Way, Boston',geography::Point(42.338783,-71.089935,4326),10, 'Y')  ,
('DS254', 'Inman Square', '223 Hampshire St, Cambridge',geography::Point(42.373102,-71.100058,4326),10, 'Y')		   ;


-- inserting into fares
INSERT INTO Fares VALUES
('F1001', '1', '3')    ,
('F1002', '2', '5')	   ,
('F1003', '3', '7')	   ,
('F1004', '4', '9')	   ,
('F1005', '5', '11')   ,
('F1006', '6', '13')   ,
('F1007', '7', '15')   ,
('F1008', '8', '17')   ,
('F1009', '9', '19')   ,
('F1010', '10', '21')  ,
('F1011', '11', '23')  ,
('F1012', '12', '25')  ,
('F1013', '13', '28')  ,
('F1014', '14', '31')  ,
('F1015', '15', '34')  ,
('F1016', '16', '37')  ,
('F1017', '17', '40')  ,
('F1018', '18', '43')  ,
('F1019', '19', '46')  ,
('F1020', '20', '49')  ,
('F1021', '21', '52')  ,
('F1022', '22', '55')  ,
('F1023', '23', '58')  ,
('F1024', '24', '61');


INSERT INTO RIDE VALUES
( 'DS205','DS176', '03/24/2019 17:36', '03/25/2019 13:12',10112,'U7275'),
( 'DS531','DS058', '05/14/2017 19:18', '05/15/2017 02:11',10064,'U1534'),
( 'DS551','DS531', '12/21/2019 04:59', '12/21/2019 18:36',10080,'U2730'),
( 'DS624','DS205', '09/06/2018 16:01', '09/07/2018 03:25',10061,'U7633'),
( 'DS254','DS124', '04/22/2018 19:01', '04/23/2018 05:10',10037,'U9307'),
( 'DS058','DS551', '06/23/2019 04:41', '06/23/2019 08:22',10080,'U2394'),
( 'DS058','DS254', '08/13/2018 04:40', '08/13/2018 18:36',10066,'U1763'),
( 'DS176','DS058', '07/10/2019 18:53', '07/11/2019 14:49',10018,'U6135'),
( 'DS254','DS447', '03/25/2019 02:53', '03/26/2019 00:32',10047,'U6044'),
( 'DS631','DS631', '06/16/2019 20:59', '06/17/2019 03:44',10112,'U4980'),
( 'DS531','DS205', '01/21/2018 15:53', '01/22/2018 09:02',10062,'U7025'),
( 'DS631','DS205', '09/26/2017 13:48', '09/27/2017 11:17',10055,'U6947'),
( 'DS058','DS551', '07/19/2018 08:01', '07/19/2018 23:49',10020,'U8345'),
( 'DS447','DS205', '08/05/2018 18:17', '08/06/2018 15:09',10084,'U4557'),
( 'DS254','DS624', '01/14/2018 10:23', '01/15/2018 09:35',10011,'U1697'),
( 'DS447','DS058', '12/20/2017 12:55', '12/20/2017 20:47',10042,'U9150'),
( 'DS124','DS058', '05/17/2018 06:33', '05/18/2018 01:47',10076,'U4952'),
( 'DS531','DS254', '02/07/2018 06:58', '02/08/2018 03:03',10056,'U3887'),
( 'DS058','DS551', '04/08/2019 01:27', '04/08/2019 06:15',10002,'U6430'),
( 'DS254','DS254', '12/14/2019 23:46', '12/15/2019 12:14',10111,'U6049'),
( 'DS551','DS447', '09/08/2018 19:48', '09/08/2018 22:15',10022,'U9952'),
( 'DS176','DS124', '01/10/2017 17:56', '01/10/2017 20:14',10015,'U7476'),
( 'DS124','DS058', '11/30/2017 10:06', '11/30/2017 11:39',10089,'U1300'),
( 'DS205','DS631', '12/27/2017 13:45', '12/27/2017 20:29',10052,'U8515'),
( 'DS058','DS551', '08/23/2019 22:03', '08/23/2019 22:54',10045,'U7857'),
( 'DS058','DS624', '12/11/2017 09:09', '12/11/2017 21:16',10014,'U9490'),
( 'DS254','DS205', '07/18/2018 02:45', '07/18/2018 06:54',10039,'U8824'),
( 'DS624','DS124', '05/21/2018 15:44', '05/22/2018 12:30',10092,'U1386'),
( 'DS631','DS624', '04/22/2017 05:22', '04/23/2017 02:43',10013,'U7275'),
( 'DS447','DS124', '08/31/2019 23:53', '09/01/2019 21:58',10005,'U1534'),
( 'DS058','DS124', '02/07/2017 03:07', '02/08/2017 02:16',10031,'U2730'),
( 'DS447','DS631', '04/20/2019 19:29', '04/21/2019 12:05',10005,'U7633'),
( 'DS624','DS631', '07/26/2018 05:05', '07/26/2018 18:53',10045,'U9307'),
( 'DS058','DS631', '12/28/2019 04:17', '12/28/2019 16:03',10106,'U2394'),
( 'DS124','DS254', '02/16/2019 00:29', '02/16/2019 23:52',10106,'U1763'),
( 'DS551','DS624', '04/01/2017 21:42', '04/02/2017 00:20',10091,'U6135'),
( 'DS631','DS631', '03/24/2019 17:36', '03/25/2019 13:12',10039,'U6044'),
( 'DS551','DS531', '03/10/2018 18:41', '03/11/2018 03:34',10003,'U4980'),
( 'DS205','DS176', '04/23/2017 05:43', '04/23/2017 20:38',10108,'U7025'),
( 'DS205','DS254', '08/11/2018 06:31', '08/11/2018 16:10',10065,'U6947'),
( 'DS058','DS624', '05/16/2018 18:03', '05/17/2018 05:36',10044,'U8345'),
( 'DS058','DS624', '07/04/2018 01:54', '07/04/2018 14:53',10029,'U4557'),
( 'DS124','DS631', '02/12/2018 12:49', '02/12/2018 15:26',10094,'U1697'),
( 'DS447','DS124', '08/15/2017 14:16', '08/16/2017 03:00',10025,'U9150'),
( 'DS551','DS631', '10/04/2018 21:12', '10/05/2018 01:14',10008,'U4952'),
( 'DS176','DS551', '05/22/2017 19:07', '05/23/2017 09:27',10089,'U3887'),
( 'DS631','DS631', '02/21/2019 18:42', '02/21/2019 19:30',10029,'U6430'),
( 'DS531','DS531', '03/20/2017 21:16', '03/21/2017 00:16',10010,'U6049'),
( 'DS176','DS176', '12/12/2019 19:17', '12/13/2019 10:58',10078,'U9952'),
( 'DS447','DS124', '08/23/2019 13:06', '08/23/2019 20:56',10060,'U7476'),
( 'DS624','DS531', '11/29/2017 19:24', '11/30/2017 04:18',10008,'U1300'),
( 'DS447','DS447', '12/02/2018 14:36', '12/02/2018 18:20',10085,'U8515'),
( 'DS551','DS531', '10/17/2017 07:18', '10/17/2017 19:23',10081,'U7857'),
( 'DS551','DS205', '07/07/2019 21:25', '07/08/2019 14:34',10065,'U9490'),
( 'DS447','DS551', '08/13/2017 09:14', '08/13/2017 20:45',10020,'U8824'),
( 'DS551','DS631', '03/27/2017 04:55', '03/27/2017 21:39',10018,'U1386'),
( 'DS176','DS631', '01/21/2019 20:48', '01/22/2019 18:11',10046,'U6044'),
( 'DS531','DS205', '08/12/2018 23:48', '08/13/2018 10:05',10054,'U4980'),
( 'DS447','DS058', '03/24/2019 17:36', '03/25/2019 13:12',10041,'U7025'),
( 'DS551','DS531', '03/10/2018 18:41', '03/11/2018 03:34',10027,'U6947');


--- insert into scooter_docking_history
INSERT INTO SCOOTER_DOCKING_HISTORY VALUES
(10112, 'DS176', '03/24/2019 17:36', '03/25/2019 13:12'),
(10064, 'DS058', '03/10/2018 18:41', '03/11/2018 03:34'),
(10080, 'DS531', '04/23/2017 05:43', '04/23/2017 20:38'),
(10061, 'DS205', '08/11/2018 06:31', '08/11/2018 16:10'),
(10037, 'DS124', '05/16/2018 18:03', '05/17/2018 05:36'),
(10080, 'DS551', '07/04/2018 01:54', '07/04/2018 14:53'),
(10066, 'DS254', '02/12/2018 12:49', '02/12/2018 15:26'),
(10018, 'DS058', '08/15/2017 14:16', '08/16/2017 03:00'),
(10047, 'DS447', '10/04/2018 21:12', '10/05/2018 01:14'),
(10112, 'DS631', '05/22/2017 19:07', '05/23/2017 09:27'),
(10062, 'DS205', '02/21/2019 18:42', '02/21/2019 19:30'),
(10055, 'DS205', '03/20/2017 21:16', '03/21/2017 00:16'),
(10020, 'DS551', '12/12/2019 19:17', '12/13/2019 10:58'),
(10084, 'DS205', '08/23/2019 13:06', '08/23/2019 20:56'),
(10011, 'DS624', '11/29/2017 19:24', '11/30/2017 04:18'),
(10042, 'DS058', '12/02/2018 14:36', '12/02/2018 18:20'),
(10076, 'DS058', '10/17/2017 07:18', '10/17/2017 19:23'),
(10056, 'DS254', '07/07/2019 21:25', '07/08/2019 14:34'),
(10002, 'DS551', '08/13/2017 09:14', '08/13/2017 20:45'),
(10111, 'DS254', '03/27/2017 04:55', '03/27/2017 21:39'),
(10022, 'DS447', '01/21/2019 20:48', '01/22/2019 18:11'),
(10015, 'DS124', '08/12/2018 23:48', '08/13/2018 10:05'),
(10089, 'DS058', '03/29/2017 17:20', '03/30/2017 00:28'),
(10052, 'DS631', '04/01/2017 02:00', '04/01/2017 20:28'),
(10045, 'DS551', '05/14/2017 19:18', '05/15/2017 02:11'),
(10014, 'DS624', '12/21/2019 04:59', '12/21/2019 18:36'),
(10039, 'DS205', '09/06/2018 16:01', '09/07/2018 03:25'),
(10092, 'DS124', '04/22/2018 19:01', '04/23/2018 05:10'),
(10013, 'DS624', '06/23/2019 04:41', '06/23/2019 08:22'),
(10005, 'DS124', '08/13/2018 04:40', '08/13/2018 18:36'),
(10031, 'DS124', '07/10/2019 18:53', '07/11/2019 14:49'),
(10005, 'DS631', '03/25/2019 02:53', '03/26/2019 00:32'),
(10045, 'DS631', '06/16/2019 20:59', '06/17/2019 03:44'),
(10106, 'DS631', '01/21/2018 15:53', '01/22/2018 09:02'),
(10106, 'DS254', '09/26/2017 13:48', '09/27/2017 11:17'),
(10091, 'DS624', '07/19/2018 08:01', '07/19/2018 23:49'),
(10039, 'DS631', '08/05/2018 18:17', '08/06/2018 15:09'),
(10003, 'DS531', '01/14/2018 10:23', '01/15/2018 09:35'),
(10108, 'DS176', '12/20/2017 12:55', '12/20/2017 20:47'),
(10065, 'DS254', '05/17/2018 06:33', '05/18/2018 01:47'),
(10044, 'DS624', '02/07/2018 06:58', '02/08/2018 03:03'),
(10029, 'DS624', '04/08/2019 01:27', '04/08/2019 06:15'),
(10094, 'DS631', '12/14/2019 23:46', '12/15/2019 12:14'),
(10025, 'DS124', '09/08/2018 19:48', '09/08/2018 22:15'),
(10008, 'DS631', '01/10/2017 17:56', '01/10/2017 20:14'),
(10089, 'DS551', '11/30/2017 10:06', '11/30/2017 11:39'),
(10029, 'DS631', '12/27/2017 13:45', '12/27/2017 20:29'),
(10010, 'DS531', '08/23/2019 22:03', '08/23/2019 22:54'),
(10078, 'DS176', '12/11/2017 09:09', '12/11/2017 21:16'),
(10060, 'DS124', '07/18/2018 02:45', '07/18/2018 06:54'),
(10008, 'DS531', '05/21/2018 15:44', '05/22/2018 12:30'),
(10085, 'DS447', '04/22/2017 05:22', '04/23/2017 02:43'),
(10081, 'DS531', '08/31/2019 23:53', '09/01/2019 21:58'),
(10065, 'DS205', '02/07/2017 03:07', '02/08/2017 02:16'),
(10020, 'DS551', '04/20/2019 19:29', '04/21/2019 12:05'),
(10018, 'DS631', '07/26/2018 05:05', '07/26/2018 18:53'),
(10046, 'DS631', '12/28/2019 04:17', '12/28/2019 16:03'),
(10054, 'DS205', '02/16/2019 00:29', '02/16/2019 23:52'),
(10041, 'DS058', '04/01/2017 21:42', '04/02/2017 00:20'),
(10027, 'DS531', '06/28/2019 17:12', '06/29/2019 09:56');



--- inserting into employeee
INSERT INTO EMPLOYEE VALUES
('E1234', 'Freya', '230 Roxburry St,  Boston', 'freya@gmail.com', 8124668758  ),
('E3456', 'Kayling', '678 Germain St,  Boston', 'kayling@gmail.com', 8234292989	),
('E9375', 'Elena', '843 Cornelia Ct,  Boston' , 'elena@gmail.com', 7390284699	),
('E2547', 'Damon', '1 Cornelia Ct,  Boston', 'damon@yahoo.com', 9364718382		),
('E7364', 'Stefan', '78 Hordan St,  Boston', 'stefan@yahoo.com', 8263791794		),
('E9099', 'Klaus', '13 Smith St,  Boston', 'klaus@gmail.com', 9175168189		),
('E5467', 'Rebecca', '2 Bolyston St,  Boston', 'rebecca@gmail.com', 8234829028	),
('E6181', 'Freya', '873 Roxbury St,  Boston', 'freya@gmail.com', 2847462893		),
('E9289', 'Hope', '22 Fenway,  Boston', 'hope@yahoo.com', 9172358920			),
('E0192', 'Elijah', '99 Huntington Av,  Boston', 'elijah@gmail.com', 2391857294	),
('E3019', 'Marcel', '435 Park Dr,  Boston', 'marcel@gmail.com', 7362789271		);


--- inserting into service location
INSERT INTO SERVICE_LOCATION VALUES
('SL839','Haymarket', '29 Valenti Way, Boston')                      ,
('SL091','Harbor Front', '70 Fulton St, Boston')					   ,
('SL927','Pemberton Square', '2 Center Plaza, Boston')			   ,
('SL245','Gold Square', '157 Gore St, Cambridge')					   ,
('SL928','Inner Belt', '24 New Washington St, Somerville') ,
('SL142','Longwood', '100 Colchester St, Brookline')		   ,
('SL290','Mission Hill', '127 St Alphonsus St, Boston')		   ,
('SL292','Fenway', '60 Kilmarnock St, Boston')					   ,
('SL103','Jefferies Point', '65 Everett St, Boston')				   ,
('SL182','Columbus', '185 W Canton St, Boston')					   ;



INSERT INTO USERS VALUES
('U7275', 'vir.hig', 'Higgins', 'Virgilio', 6173661953, 'virgilio.higgins@gmail.com')           ,
('U1534', 'joh.giu', 'Giuliani', 'Johnnie', 6036469449, 'j.giuliani@hotmail.com')				,
('U2730', 'flo.fou', 'Foust', 'Flor', 4018870169, 'foust.flor@yahoo.com')						,
('U7633', 'yer.roh', 'Rohan', 'Yer', 2039775992, 'yerrohan664@hotmail.com')						,
('U9307', 'car.red', 'Redel', 'Caron', 4012556522, 'redel.caron@yahoo.com')						,
('U2394', 'mer.mel', 'Mellish', 'Merrill', 4015643437, 'm.mellish@hotmail.com')					,
('U1763', 'tat.reg', 'Rega', 'Tatyana', 2035073923, 'rega.tatyana@yahoo.com')					,
('U6135', 'hay.car', 'Carrithers', 'Hayden', 2036605018, 'hayden.carrithers@yahoo.com')			,
('U6044', 'mag.cro', 'Crook', 'Maggie', 6174395159, 'maggie.crook@gmail.com')					,
('U4980', 'eli.lip', 'Lippold', 'Elizabet', 6176385513, 'elizabet.lippold@yahoo.com')			,
('U7025', 'jon.jun', 'Junior', 'Jon', 2034262337, 'jonjunior794@yahoo.com')						,
('U6947', 'ros.swe', 'Swearingen', 'Rosann', 4011493839, 'swearingen.rosann@hotmail.com')		,
('U8345', 'rue.hut', 'Hutchings', 'Rueben', 6178529040, 'ruebenhutchings909@yahoo.com')			,
('U4557', 'fra.ron', 'Ronald', 'Francesca', 6039706568, 'f.ronald@gmail.com')					,
('U1697', 'pet.pea', 'Peat', 'Pete', 6179271647, 'p.peat@yahoo.com')							,
('U9150', 'emo.bou', 'Bourne', 'Emory', 2033138079, 'emorybourne422@hotmail.com')				,
('U4952', 'add.mcc', 'Mccay', 'Addie', 6176525753, 'mccay.addie@yahoo.com')						,
('U3887', 'cha.mun', 'Mungin', 'Chante', 6171931403, 'mungin.chante@gmail.com')					,
('U6430', 'wal.phe', 'Phenix', 'Wallace', 6174667203, 'w.phenix@yahoo.com')						,
('U6049', 'laz.kar', 'Karp', 'Lazaro', 6171326544, 'l.karp@hotmail.com')						,
('U9952', 'eve.fri', 'Friedrichs', 'Evelynn', 6174823128, 'evelynnfriedrichs157@gmail.com')		,
('U7476', 'chr.cla', 'Clare', 'Chrissy', 2032730633, 'chrissy.clare@hotmail.com')				,
('U1300', 'max.car', 'Caraballo', 'Maxima', 6031097201, 'maxima.caraballo@yahoo.com')			,
('U8515', 'sid.win', 'Wininger', 'Sidney', 6172388694, 'sidney.wininger@gmail.com')				,
('U7857', 'fel.bed', 'Beddingfield', 'Felipe', 6175474630, 'felipe.beddingfield@hotmail.com')	,
('U9490', 'ell.rom', 'Romeo', 'Ellyn', 6176880648, 'ellyn.romeo@yahoo.com')						,
('U8824', 'joa.mor', 'Mortimer', 'Joan', 2033138885, 'joan.mortimer@gmail.com')					,
('U1386', 'mar.shu', 'Shumake', 'Marjory', 2039805893, 'marjory.shumake@hotmail.com')			;


--- insert into payment table 
INSERT INTO PAYMENT VALUES
('1457872375', 1, 'U7275', 9)  ,
('1457872376', 1, 'U1534', 5)	 ,
('1457872377', 1, 'U2730', 11) ,
('1457872379', 1, 'U7633', 9)	 ,
('1457872380', 1, 'U9307', 5)	 ,
('1457872382', 1, 'U2394', 7)	 ,
('1457872386', 1, 'U1763', 11) ,
('1457872389', 1, 'U6135', 11) ,
('1457872392', 1, 'U6044', 9)	 ,
('1457872394', 1, 'U4980', 11) ,
('1457872396', 1, 'U7025', 11) ,
('1457872397', 1, 'U6947', 11) ,
('1457872399', 1, 'U8345', 7)	 ,
('1457872400', 1, 'U4557', 3)	 ,
('1457872402', 1, 'U1697', 9)	 ,
('1457872404', 1, 'U9150', 3)	 ,
('1457872405', 1, 'U4952', 5)	 ,
('1457872406', 1, 'U3887', 11) ,
('1457872414', 1, 'U6430', 11) ,
('1457872420', 1, 'U6049', 5)	 ,
('1457872421', 1, 'U9952', 11) ,
('1457872425', 1, 'U7476', 5)	 ,
('1457872426', 1, 'U1300', 7)	 ,
('1457872428', 1, 'U8515', 9)	 ,
('1457872430', 1, 'U7857', 5)	 ,
('1457872374', 2, 'U9490', 11) ,
('1457872378', 2, 'U8824', 9)	 ,
('1457872381', 2, 'U1386', 7)	 ,
('1457872383', 2, 'U7275', 5)	 ,
('1457872384', 2, 'U1534', 7)	 ,
('1457872385', 2, 'U2730', 7)	 ,
('1457872387', 2, 'U7633', 5)	 ,
('1457872388', 2, 'U9307', 7)	 ,
('1457872390', 2, 'U2394', 9)	 ,
('1457872391', 2, 'U1763', 7)	 ,
('1457872393', 2, 'U6135', 3)	 ,
('1457872395', 2, 'U6044', 7)	 ,
('1457872398', 2, 'U4980', 5)	 ,
('1457872401', 2, 'U7025', 5)	 ,
('1457872403', 2, 'U6947', 7)	 ,
('1457872407', 2, 'U8345', 5)	 ,
('1457872408', 2, 'U4557', 9)	 ,
('1457872409', 2, 'U1697', 9)	 ,
('1457872410', 2, 'U9150', 11) ,
('1457872411', 2, 'U4952', 11) ,
('1457872412', 2, 'U3887', 11) ,
('1457872413', 2, 'U6430', 3)	 ,
('1457872415', 2, 'U6049', 7)	 ,
('1457872416', 2, 'U9952', 11) ,
('1457872417', 2, 'U7476', 9)	 ,
('1457872418', 2, 'U1300', 11) ,
('1457872419', 2, 'U8515', 9)	 ,
('1457872422', 2, 'U7857', 5)	 ,
('1457872423', 2, 'U9490', 5)	 ,
('1457872424', 2, 'U8824', 3)	 ,
('1457872427', 2, 'U1386', 7)	 ,
('1457872429', 2, 'U7476', 3)	 ,
('1457872431', 2, 'U1300', 5)	 ,
('1457872432', 2, 'U8515', 7)	 ,
('1457872433', 2, 'U7857', 5);


insert into card_payment values 
('1457872375','9072433044992000', 'Rueben Hutchings', 282, '03/26')      ,
('1457872376','4112668327171263', 'Evelynn Friedrichs', 239, '12/21')	,
('1457872377','3019418940582637', 'Addie Mccay', 542, '06/24')			,
('1457872379','7065866797149055', 'Joan Mortimer', 991, '06/25')			,
('1457872380','6317346168741527', 'Ellyn Romeo', 643, '07/20')			,
('1457872382','2108663022684700', 'Pete Peat', 924, '07/23')				,
('1457872386','4035682771682556', 'Yer Rohan', 493, '05/25')				,
('1457872389','5437267174929094', 'Maggie Crook', 510, '05/24')			,
('1457872392','5207435288437738', 'Francesca Ronald', 550, '05/26')		,
('1457872394','6586449111144781', 'Merrill Mellish', 161, '04/21')		,
('1457872396','6317346168741527', 'Ellyn Romeo', 643, '07/20')			,
('1457872397','1547716732105191', 'Maxima Caraballo', 680, '02/21')		,
('1457872399','4189991572675746', 'Caron Redel', 148, '04/22')			,
('1457872400','4189991572675746', 'Caron Redel', 148, '04/22')			,
('1457872402','3859259585195038', 'Sidney Wininger', 850, '05/26')		,
('1457872404','4112668327171263', 'Evelynn Friedrichs', 239, '12/21')	,
('1457872405','7002896473866169', 'Virgilio Higgins', 850, '12/20')		,
('1457872406','6418228561744720', 'Chrissy Clare', 990, '04/26')			,
('1457872414','6586449111144781', 'Merrill Mellish', 161, '04/21')		,
('1457872420','4035682771682556', 'Yer Rohan', 493, '05/25')				,
('1457872421','7065866797149055', 'Joan Mortimer', 991, '06/25')			,
('1457872425','5207435288437738', 'Francesca Ronald', 550, '05/26')		,
('1457872426','1547716732105191', 'Maxima Caraballo', 680, '02/21')		,
('1457872428','4759397782604622', 'Johnnie Giuliani', 835, '11/27')		,
('1457872430','4189991572675746', 'Caron Redel', 148, '04/22')			;


insert into digital_payment values
('1457872374','Hayden Carrithers', 'hayden.carrithers@yahoo.com')       ,
('1457872378','Francesca Ronald', 'f.ronald@gmail.com')				   ,
('1457872381','Ellyn Romeo', 'ellyn.romeo@yahoo.com')				   ,
('1457872383','Chante Mungin', 'mungin.chante@gmail.com')			   ,
('1457872384','Joan Mortimer', 'joan.mortimer@gmail.com')			   ,
('1457872385','Ellyn Romeo', 'ellyn.romeo@yahoo.com')				   ,
('1457872387','Flor Foust', 'foust.flor@yahoo.com')					   ,
('1457872388','Tatyana Rega', 'rega.tatyana@yahoo.com')				   ,
('1457872390','Marjory Shumake', 'marjory.shumake@hotmail.com')		   ,
('1457872391','Yer Rohan', 'yerrohan664@hotmail.com')				   ,
('1457872393','Maxima Caraballo', 'maxima.caraballo@yahoo.com')		   ,
('1457872395','Francesca Ronald', 'f.ronald@gmail.com')				   ,
('1457872398','Flor Foust', 'foust.flor@yahoo.com')					   ,
('1457872401','Maggie Crook', 'maggie.crook@gmail.com')				   ,
('1457872403','Caron Redel', 'redel.caron@yahoo.com')				   ,
('1457872407','Caron Redel', 'redel.caron@yahoo.com')				   ,
('1457872408','Yer Rohan', 'yerrohan664@hotmail.com')				   ,
('1457872409','Chrissy Clare', 'chrissy.clare@hotmail.com')			   ,
('1457872410','Joan Mortimer', 'joan.mortimer@gmail.com')			   ,
('1457872411','Elizabet Lippold', 'elizabet.lippold@yahoo.com')		   ,
('1457872412','Addie Mccay', 'mccay.addie@yahoo.com')				   ,
('1457872413','Chante Mungin', 'mungin.chante@gmail.com')			   ,
('1457872415','Addie Mccay', 'mccay.addie@yahoo.com')				   ,
('1457872416','Tatyana Rega', 'rega.tatyana@yahoo.com')				   ,
('1457872417','Evelynn Friedrichs', 'evelynnfriedrichs157@gmail.com')   ,
('1457872418','Maggie Crook', 'maggie.crook@gmail.com')				   ,
('1457872419','Elizabet Lippold', 'elizabet.lippold@yahoo.com')		   ,
('1457872422','Chante Mungin', 'mungin.chante@gmail.com')			   ,
('1457872423','Francesca Ronald', 'f.ronald@gmail.com')				   ,
('1457872424','Jon Junior', 'jonjunior794@yahoo.com')				   ,
('1457872427','Elizabet Lippold', 'elizabet.lippold@yahoo.com')		   ,
('1457872429','Merrill Mellish', 'm.mellish@hotmail.com')			   ,
('1457872431','Rueben Hutchings', 'ruebenhutchings909@yahoo.com')	   ,
('1457872432','Johnnie Giuliani', 'j.giuliani@hotmail.com')			   ,
('1457872433','Evelynn Friedrichs', 'evelynnfriedrichs157@gmail.com');


INSERT INTO Service_Record VALUES
('S1700', 10085, 'SL182', '12/18/2018', 15),	
('S1200', 10002, 'SL091', '10/02/2018', 21),	
('S1600', 10090, 'SL927', '07/16/2018', 12),	
('S1800', 10072, 'SL839', '07/21/2017', 4),	
('S2000', 10039, 'SL182', '03/22/2019', 20),	
('S1600', 10009, 'SL245', '04/25/2017', 14),	
('S1500', 10071, 'SL927', '12/13/2017', 9),	
('S1100', 10020, 'SL091', '07/31/2019', 15),	
('S1200', 10090, 'SL928', '03/09/2018', 22),	
('S1200', 10041, 'SL290', '03/16/2017', 7),	
('S2000', 10096, 'SL142', '07/28/2017', 12),	
('S1800', 10035, 'SL091', '05/03/2019', 24),	
('S1700', 10087, 'SL290', '01/27/2019', 14),	
('S1300', 10034, 'SL839', '09/13/2019', 18),	
('S1300', 10046, 'SL103', '01/30/2018', 1),	
('S1200', 10020, 'SL292', '05/25/2017', 5),	
('S1700', 10057, 'SL182', '02/06/2017', 16),	
('S1900', 10016, 'SL839', '03/25/2019', 18),	
('S1400', 10032, 'SL091', '03/06/2019', 8),	
('S1600', 10037, 'SL103', '08/09/2019', 19)	;


insert into Employee_Service_Record values
('S1700', 'E9375', '12/18/2018', 7),
('S1700', 'E5467', '12/18/2018', 8),
('S1200', 'E9099', '10/02/2018', 21),
('S1600', 'E9289', '07/16/2018', 12),
('S1800', 'E1234', '07/21/2017', 4),
('S2000', 'E7364', '03/22/2019', 6),
('S2000', 'E1234', '03/22/2019', 4),
('S2000', 'E2547', '03/22/2019', 10),
('S1600', 'E3456', '04/25/2017', 14),
('S1500', 'E1234', '12/13/2017', 9),
('S1100', 'E0192', '07/31/2019', 15),
('S1200', 'E7364', '03/09/2018', 22),
('S1200', 'E2547', '03/16/2017', 7),
('S2000', 'E5467', '07/28/2017', 12),
('S1800', 'E9099', '05/03/2019', 6),
('S1800', 'E1234', '05/03/2019', 6),
('S1800', 'E6181', '05/03/2019', 6),
('S1700', 'E9289', '01/27/2019', 14),
('S1300', 'E1234', '09/13/2019', 18),
('S1300', 'E6181', '01/30/2018', 1),
('S1200', 'E5467', '05/25/2017', 5),
('S1700', 'E1234', '02/06/2017', 16),
('S1900', 'E6181', '03/25/2019', 18),
('S1400', 'E2547', '03/06/2019', 8),
('S1600', 'E3019', '08/09/2019', 19);











